{
  "main": {
    "id": "main",
    "icon": "🏁",
    "answer": {
      "cs": "Vyberte oblast, o které chcete vědět více:",
      "ru": "Выберите область, о которой хотите узнать больше:",
      "en": "Choose a topic you’d like to know more about:"
    },
    "options": ["services","pricing","about","cases","process","industries"],
    "suggest": ["contact","why","faq"]
  },
  "services": {
    "id": "services",
    "icon": "🧭",
    "question": { "cs":"Služby", "ru":"Услуги", "en":"Services" },
    "answer": {
      "cs":"Nabízíme finanční, HR, digitální a právní poradenství.",
      "ru":"Мы предоставляем финансовый, HR, digital и юридический консалтинг.",
      "en":"We offer financial, HR, digital and legal consulting."
    },
    "options": ["finance","hr","digital","legal"],
    "back": "main"
  },
  "finance": {
    "id": "finance",
    "icon": "💹",
    "question": { "cs":"Finanční poradenství", "ru":"Финансовый консалтинг", "en":"Financial consulting" },
    "answer": {
      "cs":"Optimalizace nákladů, rozpočty, investice a controlling.",
      "ru":"Оптимизация затрат, бюджеты, инвестиции и контроллинг.",
      "en":"Cost optimization, budgeting, investments and controlling."
    },
    "options": [],
    "back": "services"
  },
  "hr": {
    "id": "hr",
    "icon": "👥",
    "question": { "cs":"HR poradenství", "ru":"HR консалтинг", "en":"HR consulting" },
    "answer": {
      "cs":"Nábor, školení, evaluace výkonu, firemní kultura.",
      "ru":"Подбор, обучение, оценка эффективности, корпоративная культура.",
      "en":"Recruitment, training, performance evaluation, culture."
    },
    "options": [],
    "back": "services"
  },
  "digital": {
    "id": "digital",
    "icon": "⚙️",
    "question": { "cs":"Digitální transformace", "ru":"Цифровая трансформация", "en":"Digital transformation" },
    "answer": {
      "cs":"Automatizace procesů, moderní technologie, zvýšení efektivity.",
      "ru":"Автоматизация процессов, современные технологии, эффективность.",
      "en":"Process automation, modern tech, efficiency."
    },
    "options": [],
    "back": "services"
  },
  "legal": {
    "id": "legal",
    "icon": "⚖️",
    "question": { "cs":"Právní podpora", "ru":"Юридическая поддержка", "en":"Legal support" },
    "answer": {
      "cs":"Smlouvy, compliance a právní poradenství.",
      "ru":"Договоры, комплаенс и юридическое сопровождение.",
      "en":"Contracts, compliance and legal advisory."
    },
    "options": [],
    "back": "services"
  },
  "pricing": {
    "id": "pricing",
    "icon": "💰",
    "question": { "cs":"Ceník", "ru":"Цены", "en":"Pricing" },
    "answer": {
      "cs":"Cena závisí na rozsahu. Připravíme individuální kalkulaci.",
      "ru":"Стоимость зависит от объёма. Подготовим индивидуальный расчёт.",
      "en":"Pricing depends on scope. We prepare a tailored quote."
    },
    "options": [],
    "back": "main"
  },
  "about": {
    "id": "about",
    "icon": "🏢",
    "question": { "cs":"O společnosti", "ru":"О компании", "en":"About company" },
    "answer": {
      "cs":"Veltora — 10+ let praxe, desítky úspěšných projektů.",
      "ru":"Veltora — 10+ лет опыта, десятки успешных проектов.",
      "en":"Veltora — 10+ years of experience, dozens of successful projects."
    },
    "options": ["team","mission"],
    "back": "main"
  },
  "team": {
    "id": "team",
    "icon": "👤",
    "question": { "cs":"Tým", "ru":"Команда", "en":"Team" },
    "answer": {
      "cs":"Experti z financí, HR, IT a práva.",
      "ru":"Эксперты из финансов, HR, IT и права.",
      "en":"Experts in finance, HR, IT and law."
    },
    "options": [],
    "back": "about"
  },
  "mission": {
    "id": "mission",
    "icon": "🎯",
    "question": { "cs":"Mise a hodnoty", "ru":"Миссия и ценности", "en":"Mission & values" },
    "answer": {
      "cs":"Pomáhat firmám růst díky chytrým řešením.",
      "ru":"Помогать бизнесу расти за счёт умных решений.",
      "en":"Help businesses grow with smart solutions."
    },
    "options": [],
    "back": "about"
  },
  "cases": {
    "id": "cases",
    "icon": "📈",
    "question": { "cs":"Případové studie", "ru":"Кейсы", "en":"Case studies" },
    "answer": {
      "cs":"Spolupracujeme s desítkami firem — výsledky sdílíme na webu.",
      "ru":"Работаем с десятками компаний — результаты делимся на сайте.",
      "en":"We work with dozens of companies — browse results on our site."
    },
    "options": [],
    "back": "main"
  },
  "process": {
    "id": "process",
    "icon": "🔁",
    "question": { "cs":"Jak probíhá spolupráce?", "ru":"Как проходит работа?", "en":"How does collaboration work?" },
    "answer": {
      "cs":"Analýza → návrh řešení → implementace → měření výsledků.",
      "ru":"Аналитика → решение → внедрение → измерение результата.",
      "en":"Analysis → solution → implementation → measurement."
    },
    "options": [],
    "back": "main"
  },
  "industries": {
    "id": "industries",
    "icon": "🏭",
    "question": { "cs":"S jakými odvětvími pracujete?", "ru":"С какими отраслями работаете?", "en":"Which industries do you serve?" },
    "answer": {
      "cs":"SME, e-commerce, výrobní firmy, služby, technologie.",
      "ru":"МСП, e-commerce, производство, услуги, технологии.",
      "en":"SMEs, e-commerce, manufacturing, services, tech."
    },
    "options": [],
    "back": "main"
  },
  "why": {
    "id": "why",
    "icon": "⭐",
    "question": { "cs":"Proč Veltora?", "ru":"Почему Veltora?", "en":"Why Veltora?" },
    "answer": {
      "cs":"Zkušenosti + inovace + osobní přístup.",
      "ru":"Опыт + инновации + индивидуальный подход.",
      "en":"Experience + innovation + personal approach."
    },
    "options": [],
    "back": "main"
  },
  "faq": {
    "id": "faq",
    "icon": "❓",
    "question": { "cs":"Časté dotazy", "ru":"Частые вопросы", "en":"FAQ" },
    "answer": {
      "cs":"Termíny? Obvykle 1–2 týdny analýzy, dle rozsahu dále.",
      "ru":"Сроки? Обычно 1–2 недели на аналитику, далее по объёму.",
      "en":"Timelines? Usually 1–2 weeks for analysis, then depends on scope."
    },
    "options": [],
    "back": "main"
  },
  "contact": {
    "id": "contact",
    "icon": "📞",
    "question": { "cs":"Kontakt", "ru":"Контакты", "en":"Contact" },
    "answer": {
      "cs":"Níže najdete rychlé způsoby, jak nás kontaktovat.",
      "ru":"Ниже быстрые способы связаться с нами.",
      "en":"Below are quick ways to reach us."
    },
    "options": [],
    "back": "main"
  }
}
